<?xml version="1.0" encoding="UTF-8"?>
<!DOCTYPE mapper PUBLIC "-//mybatis.org//DTD Mapper 3.0//EN" "http://mybatis.org/dtd/mybatis-3-mapper.dtd">
<mapper namespace="com.superb.mapper.UserMapper">
    <resultMap id="user" type="com.superb.entity.User">
        <id column="user_id" property="userId"/>
        <result column="user_name" property="userName"/>
        <result column="date_birth" property="dateBirth"/>
        <result column="create_time" property="createTime"/>
        <result column="update_time" property="updateTime"/>
    </resultMap>

    <select id="search" parameterType="java.lang.String" resultMap="user">
        select * from user where deleted = 0 and user_name like '%${text}%' order by create_time desc
    </select>

    <select id="adminListCjh" resultMap="user" parameterType="java.lang.Integer">
        select * from user where sfrz = #{sfrz} order by create_time desc
    </select>

    <select id="superbById" resultMap="user">
        select user_id,user_name,photo from user where user_id = #{userId} and deleted = 0
    </select>

    <select id="userListAdmin" resultMap="user">
        select * from user order by create_time desc
    </select>
    <select id="getUserNotId" resultMap="user" parameterType="java.lang.Long">
        select * from user where user_id != #{userId}
    </select>


</mapper>
